{"accuracy": [0.534375011920929, 0.8318750262260437, 0.0, 0.918749988079071, 0.934374988079071, 0.0, 0.9462500214576721, 0.965624988079071, 0.0, 0.9624999761581421, 0.9674999713897705, 0.0, 0.9662500023841858, 0.965624988079071, 0.0, 0.9731249809265137, 0.971875011920929, 0.0, 0.9775000214576721, 0.981249988079071, 0.0, 0.9831249713897705, 0.9837499856948853, 0.0, 0.9756249785423279], "loss": [1.3932653665542603, 0.5015317797660828, 0.0, 0.3066084384918213, 0.23613086342811584, 0.0, 0.18948429822921753, 0.14173343777656555, 0.0, 0.15237408876419067, 0.12091407179832458, 0.0, 0.12065863609313965, 0.11382365971803665, 0.0, 0.097034752368927, 0.09229950606822968, 0.0, 0.08630464226007462, 0.07829444855451584, 0.0, 0.07697014510631561, 0.07362179458141327, 0.0, 0.07598192244768143], "val_accuracy": [0.984375, 0.9166666865348816, 0.75, 1.0, 0.9114583134651184, 0.625, 1.0, 0.9739583134651184, 0.9375, 1.0, 0.9791666865348816, 0.9375, 1.0, 0.9791666865348816, 0.9375, 1.0, 0.9947916865348816, 0.9375, 1.0, 0.9791666865348816, 0.9375, 1.0, 0.9895833134651184, 0.9375, 1.0], "val_loss": [0.3417121469974518, 0.41372013092041016, 0.9304649829864502, 0.11351776123046875, 0.31321877241134644, 0.9983271360397339, 0.060144562274217606, 0.15577906370162964, 0.31007272005081177, 0.054986972361803055, 0.13481494784355164, 0.30478036403656006, 0.037393148988485336, 0.1124684289097786, 0.2876235842704773, 0.025661729276180267, 0.1172466054558754, 0.24236005544662476, 0.021390276029706, 0.10467654466629028, 0.18272382020950317, 0.016718246042728424, 0.09468325227499008, 0.26489630341529846, 0.017721252515912056]}