{"accuracy": [0.6800000071525574, 0.9137499928474426, 0.0, 0.9424999952316284, 0.9537500143051147, 0.0, 0.9712499976158142, 0.9693750143051147, 0.0, 0.9743750095367432, 0.9787499904632568, 0.0, 0.9850000143051147, 0.9793750047683716, 0.0, 0.9893749952316284, 0.9881250262260437, 0.0, 0.9856250286102295, 0.9862499833106995, 0.0, 0.9893749952316284, 0.9862499833106995, 0.0, 0.9918749928474426], "loss": [0.9801865220069885, 0.2690731883049011, 0.0, 0.170680433511734, 0.13288387656211853, 0.0, 0.09286174923181534, 0.08972731232643127, 0.0, 0.0757858082652092, 0.06896953284740448, 0.0, 0.055105119943618774, 0.0651080533862114, 0.0, 0.04251566529273987, 0.038473669439554214, 0.0, 0.044197019189596176, 0.038535382598638535, 0.0, 0.03173987939953804, 0.04167807474732399, 0.0, 0.02753113955259323], "val_accuracy": [0.9010416865348816, 0.8697916865348816, 0.5, 0.9739583134651184, 0.953125, 0.9375, 0.9739583134651184, 0.96875, 1.0, 0.9947916865348816, 0.9635416865348816, 0.9375, 0.9947916865348816, 0.9635416865348816, 0.9375, 0.9947916865348816, 0.984375, 0.875, 0.9947916865348816, 0.984375, 0.9375, 0.9739583134651184, 0.984375, 1.0, 0.9947916865348816], "val_loss": [0.28898885846138, 0.3014051616191864, 0.8794332146644592, 0.10391945391893387, 0.16959841549396515, 0.27307039499282837, 0.08891316503286362, 0.11155525594949722, 0.16201376914978027, 0.05908912420272827, 0.12358221411705017, 0.2650993764400482, 0.05373002961277962, 0.10194361209869385, 0.2509791851043701, 0.04140497371554375, 0.09789339452981949, 0.30004608631134033, 0.03558976948261261, 0.09407639503479004, 0.2279089242219925, 0.07546653598546982, 0.07242795079946518, 0.05383247882127762, 0.049709465354681015]}