{"accuracy": [0.25437501072883606, 0.5274999737739563, 0.0, 0.6949999928474426, 0.7718750238418579, 0.0, 0.809374988079071, 0.8068749904632568, 0.0, 0.8493750095367432, 0.8587499856948853, 0.0, 0.8681250214576721, 0.871874988079071, 0.0, 0.8856250047683716, 0.8887500166893005, 0.0, 0.8843749761581421, 0.9037500023841858, 0.0, 0.8849999904632568, 0.8893749713897705, 0.0, 0.8999999761581421], "loss": [1.986481785774231, 1.550012230873108, 0.0, 1.2620724439620972, 1.0878684520721436, 0.0, 0.9623615741729736, 0.8774259686470032, 0.0, 0.790982186794281, 0.709174633026123, 0.0, 0.6715460419654846, 0.6286939978599548, 0.0, 0.583992063999176, 0.5680336952209473, 0.0, 0.5332800149917603, 0.5034273266792297, 0.0, 0.5064043998718262, 0.5013211369514465, 0.0, 0.44853267073631287], "val_accuracy": [0.5833333134651184, 0.7291666865348816, 0.0625, 0.8645833134651184, 0.796875, 0.0, 0.9479166865348816, 0.8177083134651184, 0.0, 0.921875, 0.8125, 0.0625, 0.96875, 0.8854166865348816, 0.3125, 0.9791666865348816, 0.8802083134651184, 0.3125, 0.96875, 0.8697916865348816, 0.3125, 0.9739583134651184, 0.8854166865348816, 0.3125, 0.9947916865348816], "val_loss": [1.6733641624450684, 1.4344285726547241, 1.9090142250061035, 1.1573799848556519, 1.1000710725784302, 1.945844292640686, 0.8718509078025818, 0.9127152562141418, 1.8192527294158936, 0.7733974456787109, 0.8164989948272705, 1.6716138124465942, 0.577629566192627, 0.702279269695282, 1.5245654582977295, 0.5236546397209167, 0.6244052052497864, 1.6216075420379639, 0.48524025082588196, 0.5671717524528503, 1.5596989393234253, 0.423583060503006, 0.5475166440010071, 1.4666178226470947, 0.33970749378204346]}